{"nodes":{"node:255":{"location":{"x":536,"y":99}},"node:266":{"location":{"x":248,"y":143}}},"selection":null,"view":{"scroll":{"x":2.5826873779296875,"y":-8.8810882568359375},"zoom":1}}